-- phpMyAdmin SQL Dump
-- version 4.7.0
-- https://www.phpmyadmin.net/
--
-- Host: 127.0.0.1
-- Generation Time: Oct 19, 2017 at 09:15 AM
-- Server version: 10.1.25-MariaDB
-- PHP Version: 7.1.7

SET SQL_MODE = "NO_AUTO_VALUE_ON_ZERO";
SET AUTOCOMMIT = 0;
START TRANSACTION;
SET time_zone = "+00:00";


/*!40101 SET @OLD_CHARACTER_SET_CLIENT=@@CHARACTER_SET_CLIENT */;
/*!40101 SET @OLD_CHARACTER_SET_RESULTS=@@CHARACTER_SET_RESULTS */;
/*!40101 SET @OLD_COLLATION_CONNECTION=@@COLLATION_CONNECTION */;
/*!40101 SET NAMES utf8mb4 */;

--
-- Database: `holidayplanner`
--

-- --------------------------------------------------------

--
-- Table structure for table `freedays`
--

CREATE TABLE `freedays` (
  `id` int(11) NOT NULL,
  `isActive` tinyint(1) NOT NULL,
  `startDate` date NOT NULL,
  `endDate` date NOT NULL,
  `days` int(11) NOT NULL,
  `type` varchar(100) NOT NULL,
  `comment` varchar(100) NOT NULL,
  `approved` tinyint(1) NOT NULL,
  `userID` int(11) NOT NULL,
  `approverID` int(11) NOT NULL
) ENGINE=InnoDB DEFAULT CHARSET=latin1;

--
-- Dumping data for table `freedays`
--

INSERT INTO `freedays` (`id`, `isActive`, `startDate`, `endDate`, `days`, `type`, `comment`, `approved`, `userID`, `approverID`) VALUES
(259, 0, '2017-10-15', '2017-10-17', 2, 'Vacation Leave', 'aa', 0, 3, 4),
(260, 0, '2017-10-09', '2017-10-11', 3, 'Vacation Leave', 'ss', 0, 1, 1),
(294, 0, '2017-10-18', '2017-10-19', 2, 'Vacation Leave', '', 0, 3, 4),
(296, 0, '2017-11-27', '2017-11-28', 2, 'Vacation Leave', '', 1, 3, 4),
(298, 0, '2017-11-19', '2017-11-20', 1, 'Leave Without Pay', '', 1, 3, 4),
(300, 0, '2017-12-17', '2017-12-20', 3, 'Vacation Leave', '', 1, 3, 4);

-- --------------------------------------------------------

--
-- Table structure for table `legalholidays`
--

CREATE TABLE `legalholidays` (
  `id` int(11) NOT NULL,
  `startDate` datetime NOT NULL,
  `name` varchar(1000) NOT NULL,
  `type` varchar(100) NOT NULL DEFAULT 'public'
) ENGINE=InnoDB DEFAULT CHARSET=latin1;

--
-- Dumping data for table `legalholidays`
--

INSERT INTO `legalholidays` (`id`, `startDate`, `name`, `type`) VALUES
(1, '2017-01-01 00:00:00', 'Anul nou', 'public'),
(2, '2017-04-16 00:00:00', 'Pastele', 'public'),
(3, '2017-04-17 00:00:00', 'Doua zi de Pasti', 'public'),
(4, '2017-05-01 00:00:00', 'Ziua muncii', 'public'),
(5, '2017-06-04 00:00:00', 'Rusaliile', 'public'),
(6, '2017-06-05 00:00:00', 'Doua zi de Rusalii', 'public'),
(7, '2017-08-15 00:00:00', 'Adormirea Maicii Domnului', 'public'),
(8, '2017-11-30 00:00:00', 'Sfântul Andrei', 'public'),
(9, '2017-12-01 00:00:00', 'Ziua nationala, Ziua Marii Uniri', 'public'),
(10, '2017-12-25 00:00:00', 'Craciunul', 'public'),
(11, '2017-12-26 00:00:00', 'Doua zi de Craciun', 'public'),
(12, '2017-10-18 00:00:00', 'azi', 'public');

-- --------------------------------------------------------

--
-- Table structure for table `management`
--

CREATE TABLE `management` (
  `userID` int(11) NOT NULL,
  `managerID` int(11) NOT NULL
) ENGINE=InnoDB DEFAULT CHARSET=latin1;

--
-- Dumping data for table `management`
--

INSERT INTO `management` (`userID`, `managerID`) VALUES
(1, 4),
(3, 4),
(7, 4),
(22, 4),
(23, 4),
(24, 4),
(4, 1),
(35, 4),
(36, 4),
(36, 10),
(37, 10),
(38, 10),
(39, 10),
(40, 4),
(41, 4),
(42, 4),
(43, 4),
(44, 4),
(45, 4),
(46, 4),
(47, 1),
(48, 4),
(49, 4),
(50, 4),
(51, 10);

-- --------------------------------------------------------

--
-- Table structure for table `user`
--

CREATE TABLE `user` (
  `userID` int(11) NOT NULL,
  `password` varchar(200) NOT NULL,
  `isActive` tinyint(1) NOT NULL DEFAULT '1',
  `picture` text NOT NULL,
  `age` int(11) NOT NULL,
  `name` varchar(100) NOT NULL,
  `position` varchar(100) NOT NULL,
  `email` varchar(100) NOT NULL,
  `phone` varchar(100) NOT NULL,
  `startDate` date NOT NULL,
  `admin` tinyint(1) NOT NULL,
  `avfreedays` int(11) NOT NULL,
  `bonus` int(11) NOT NULL DEFAULT '0',
  `token` varchar(100) NOT NULL
) ENGINE=InnoDB DEFAULT CHARSET=latin1;

--
-- Dumping data for table `user`
--

INSERT INTO `user` (`userID`, `password`, `isActive`, `picture`, `age`, `name`, `position`, `email`, `phone`, `startDate`, `admin`, `avfreedays`, `bonus`, `token`) VALUES
(1, 'fb131bc57a477c8c9d068f1ee5622ac304195a77164ccc2d75d82dfe1a727ba8d674ed87f96143b2b416aacefb555e3045c356faa23e6d21de72b85822e39fdd', 1, 'iVBORw0KGgoAAAANSUhEUgAAAIAAAACACAYAAADDPmHLAAAAAXNSR0IArs4c6QAAAARnQU1BAACxjwv8YQUAAAAJcEhZcwAACxIAAAsSAdLdfvwAAAAZdEVYdFNvZnR3YXJlAHBhaW50Lm5ldCA0LjAuMTCtCgrAAAANCElEQVR4Xu2dCZAcVRnHMR54Id4ioG7wqJQSEUIojLFYKDSAYiImCIICWgielAcVYsoDiiQcAgEVolUqeERFqUAV0S02O9PfzGxCLEFBrEQMLCQiHgkCRoKJRP9fZzq2nf8c3dOv3+uZl6pfze4/O+997/ve2f369V5DQ0OeAYaKnsGBip7BgYqewYGKnsGBip7BgYqewYGK/cTExMTTK5XKfkEQHFytV48K6sGJ4H3gVPABEZmrGj6HwVT83Sv1OyytfoSKZWRkZOSZCOA08GGpyVJ8jgYSbMDP28F/UrID370PFWMM6XytVqudDY5ARXoWy7vMULEMaCutNqpvDWrBhQhYFYH6ZyKIuYNKsQ351MDFYOaKFSuewWwrE1R0FW2BaInvgvNvQBgeiQfHBqgQj8KW5WD2mjVrns1sdh0quoaO33Dy1XC69aC3ApXhMdh4HXqlw1gZXIWKLqBdPBw6B9SSznYdVIa1sPv9ZRgiqGgTDTy6+Q/BkfcmHVtCJnQCqRNUVlYXoKINEPinodXMhdPWJ5xYenRFgbKdjjJOYmW3CRWLpl6vHwoHaWdPHdg3iNxerVePZD6wBRWLYnR09HlYxl2JFvIUdVifEtSDa1HpX8B8UjRULILmVbn7mYMGAVT6P6JHmMV8UyRUNImu5VHwxXDATuaYAWSpzWsIVDQFZsQHIPiriRMGG5E7wWTmM9NQ0QQo4EzwZ+oAj7IFw+I7me9MQsW8QeBPQwH/lSiwJwGGxX9jUnwO86EpqJgXurbHRG8BK6ynNagES9R3zKd5Q8U8CIOPgrACejoD332jiAtHVOyVZvCvYgXzpEDkO6YrARV7wbf8fGn2BMaGAyr2AmrtBawgnh4QWcR8nQdUzAomfKfSAnh6Ru8qMp/3ChWzgFo6A4b6pZ4hdIlYrVffwXzfC1RMi+6khZEPJ4325M7marX6GhaDrFAxDbrrBV1/nRjrMYHIHfV6fW8WiyxQMQ2YpequXG6sxwjw+RUsFlmgYrfouD9o9/JdIa/7BlTshrVr1z4HhvTDvr1Sgoa3CQ1wHxabNFCxG/zFHgcQuYbFJg1U7ESlUXmTLkuoUZ7CQAx2ohIczmLULVRsh16WRKa3MYM8Vhjv5VIxFduByce7iREei9RqtVNYrLqBiq3QO1NY89/FjPBY5d6sTyFRsRXo+ueRzD0OgIZ5FotZJ6jICG/z+tbvLJgQbkCMUh9sQUWG3ohgGXvcAQ30JBa7dlCRgQxGkhn2M3BmA0Pex4GeOvJSvf6+8s6Vz9WbMfj9eLAMrW4b+65Fxlns2kHFJJhlHkQy61d+heDOZH5I0rwL+u3E95OMwH9vL2z4FJnKbG0FFZMg0UU0M9Po7qICHyQJasGlWWbTsPEYfP+B3enUg3VI6yL0Fq9v/v97ov8zjsjVSfvaQcU4uvRDwg/tkZFh9Epjo9F4uT5Eid/Hk/+fOyLnsfJ3i9qJwJ+LdKbE9fHx8X2hPUjzNMOWNOcRUDGOdl8kE/PgX2QDftwHzjW552BpvMx5ETYekZ+R/MyCOQqzh0HFOOjKvk4zMY3IxXE7wkfJ68Ev6N/2gHbXeW6wiAPfXRLL6wHk1Yj9bg6R65k9DCpG6NofiW2kmZhG5PSkPc2zAL9J/z4rGJ+T+eQBes5DMIz9Bul/FUvoI8OdU7VgFbUhfzZ3e02AihFoGW8kiRdDm24MjvwonPsk/V464CfzT980G9J1JH9joAIewWxJQsUIGP1ZlngRoAAnMJsiYNvUsIWR73YLKtJVLO08aQa/+FWUyJeYPUmoGIEx62aaeAEgOGcym+LokAAbF6Cw2U4JFZnH0s0LDT7KcRHN2zA63DCbklBRCY2X4K8s8SJAAbre+IjeQg+e+JYuHVlaLelxM0UnUIaFNN9i2NrNNQ0qKhj/X0sSLQy07LuYXe3Qy7Rw+pUI7N9Zmkl0ZxNLJw9gg14covkWBWJ4KLMtDhUVBOAklmiRoGW/hdnWiXDDqsjJQNfgW5Pp7kZkOvt+HiD9TpeIjYMYnsFsi0NFBS3pKyzRQhG5idmWhuahVHo8zXykeSM+f4fP8BE2VLBj2XfyQG3fXQ5LdDOMUlFBAjcmE7SCgXW6Lv2Q7v56mZb9fx6g9eV+0SotagOzLQ4VFXz5lyzRwsF4bnKsNkWvS9Q8QAzXMdviUFHBl//GEi2CcDa/680fP8XPT4BNmNC8jNnpIuHavyaPx8tkA/htm9rCbIygYjhukgSLRO8ENm15PsZqfUkEft3TVhcZWz32alYmGwRB8BJmYwQVmxsdaIJFgaC/l9lWBlBZZ7My2QCxfAOzMYKKKMBUllihiCxjtpUB2G5nAw1DZAazMYKK+iWaWIFg/PpL1r3utoH/3Dn6vsOB1FTEl4ZpYkVj+Fq9CXTjKGx356icDstoKuqz5zSxohH5gzqU2egqsPk4WhZbdGhEVHTqGQCR73ZayrgEls/X0nLYQmQuszOCiqgAR9HEbCFyWRkqgc5ZYKtTJ6KjQp7IbI2gor6RkyVmmR/ovkBmrysg+McTu+2SZRKol15pYrbBnKBWq53gam+A1mb9+n8S3Y/IbI2g4ujq0VewxKyz6z7/Zjj6ZvxsdDNHWvTe+x72OsBYY+x1zN4IKoa7b0liNkHQFzBbXQEV8lZmt23GxsZexOyNoKKCL7t18qfIale7fqdWTf/P1kw3gxQ4fA1J0C4dljQ20Dd+wbbf72GrC4jcw2yOQ0UFX15OE7WJzgESz97ZJqgFl1JbXQDDErM5DhUVyzta2/GQPrDCbC4aOHg4cPj9h4jhJczuOFRUULjiHmlOz+NYDp5ic05QqVT2gx1un5AuchqzPQ4VFZc2NbREZCVIdSBCHqAH2hurkmIe9OyBIAgOZvbHoaKirQuJFH4uQBbQ1a0CZ2JC9kJWljyBXyYhrx8zO1wCQ9OjaisrQxwqRiAhN3YGd89vMTQcwMqSB2GjKPghz6ygh/o5K0MSKkagsJ9giTvIP/RCkXbNrBx5oK2pLMEPEZnPypGEihFwqNXHw7rgERR0Mew0umNY1/pl6PbjoCc8hJUlCRXjIDHX3gmwBa39Jwj8yUW8dh2V60Dk5d5Fsfb8SYcrVp4kVIyDwl9OMjAGgns/8rwV3ACWoeVdgc/5YB6Y0s3EJi+Q32zYY+35iMxgqGLlYVAxDhI7nGZiCDh8HfKc1W0NNkH4lLH2MsS+UiAyzMrFoGIcDQSWFPfRjEyi5wOKzEH+qc+/zUqj0XgV8rwG+Zf5/YcPp/EZFZOgG7Z2WVgrH/L/fPSkUN6oszBhOrbZ4nck8y8b8NUSVs5WUDEJWsX+CITtV8TsgB0rUcBz8Dm5lyGiUqm8WHsXoCeO9dULLzttAElCRQacZf159wR6lfIW2LUYfATMAtPBFD2iNfxsVA8L79WLfBB8GfwI31kfS6O/ELmNxa4dVGQgcetPC3nag8qe+l2CVGwFKkFhBzd7UnN3lmGRiq1ABXDrqRfP/8i4W4qKrdAahtmy87dBBw6RXyM2mS6QUbEdWDLZOT3c05oUp4MnoWInkGnZbhP3LeiRu7rt2woqdgI1bihw7305g8h2xKKnTbJU7IagFpxPDPIUCGJwIYtNGqjYDc0nYe9ghnnMozfN8tgAQ8Vu0U2HGAryOLffkw69LJ7LMbdUTAO6oU8RAz0Ggc+/wGKRBSqmQa8NwKhbkkZ6zIDgr4LPc7tFTsW0hK9Gc2/rWP8hsjHv/Y9UzELzUAnrx6P2K5hrPYEKkPuZCFTMit6NcmDfQN8Bn+5E8Ocwn/cKFXsBy5OzWCE82cG4/2nm6zygYq+gtp7HCuLJgMgXmY/zgop5AMP1DR28UJ6uQMtfkuUefxqomBfadbGCeToD3y00HXyFinmCOcEZKFDpd9sWBSZ8T8Fnn2S+NAEV8ybcdi3BY6zAnhj6AkxD7zJuBRVNUN/1HmI3D1Nygwndxcx8ZxIqmkKvGGJsW0EKP+iMdHq1iymoaJLw3oHIxzAk+A0lNdmOBvE5+KSwB16TULEIdEjAZMeNV9PZ4W74oOOrXU1DxaLQu1roDT4TTn64k/oO9HxPouIv0ON4mU+KhopF03wq94fMYX2FyE1YER3EfGALKtoifE+BSECdV2b0hBGRo1mZbUNFmzQniccAd968lRWR29HinX2/gUJFV4ADp2OWrIczleZKYnglT5e6Im9zOfARVHQNPRwCTj0fk6d1zOkugMBvgI0L0eKNnVNoAiq6SnN4eDNYBO5hgSiY9bDjMjCtDK2dQcWyoOcZo8WdjZ7h+wjGRCI4+SOyESxHfuficzKzqWxQsayEL70WmaXDBT6vB/rvQXTPXW9TC8dwCTbhezWk8z18XqATuXq9fiDLs+xQsd9A9zxJ352j5+cgoNPADDAMjm7+PE2PldGzg/RvWRr9ChU9gwMVPYMDFT2DAxU9gwMVPYPC0F7/Bclh2wl8Hk8WAAAAAElFTkSuQmCC', 25, 'ion', 'Manager', 'ion@ion.com', '101010101', '2017-01-09', 1, 52, 2, ''),
(3, 'fb131bc57a477c8c9d068f1ee5622ac304195a77164ccc2d75d82dfe1a727ba8d674ed87f96143b2b416aacefb555e3045c356faa23e6d21de72b85822e39fdd', 1, 'iVBORw0KGgoAAAANSUhEUgAAAQAAAAEACAYAAABccqhmAAAZcElEQVR4nO3df5DdVXnH8ff3MXZSh3HoTOqgE5noBAed0AlO4qAT2kRBA0UNCgqIIygIiFSpgoKDDKLSigoKFpVYQFCoCQ0VaFChu5ZQqKbNVjOS0S3saEZ3SkbTcTvdkdvz7R/PWXYl2b13937vPefc/bxmdhJguffs3nuee3485zkgIiIiIiIiIiIiIiIiIiIiIiIiIiIiIiIiIiIiIiIiIiIiIiIiIiIiIiIiIiIiIiIiIiIiIiIiIiIiIiIiIiIiIiIiIgeqUjdAesfMDgGWxX9cBhwyj/99L9ACWiGEvU23TfKgAFAQM1sCLAdWAC8CDgNeiHfu5XgHPww4NH41bQyYBMbj1z7gqfjvf4kHjbEQwmQPnlt6QAEgM7GTrwSOBF4GHBH/eSXeyUswjgeFUeBxYA/wBLBHwSEvCgAJmdkyYA3wCmAt3ulXAUtStqvHduMBYRfwI2BnCGE8bZMWLwWAPjGzpXhnfxXw6vj3FSnblJG9wE7gUeAHeFCYSNukxUEBoEfiAtw64M+A9cBqYGnKNhWkBYwAO4DvA8MhhP1pmzSYFAAaEufuxwCvBY6Pfx/koXy/7QQeBL4DPKa1hGYoAHQhzuFPBE4ANtKblXc50AQwDGwDvqttyoVTAJgnM1uJd/pT0ad8LnbiweDbIYTdqRtTEgWADpjZCuAMvNOvTtsaaWMUuAu4O4QwkroxuVMAmEUc3r8NOB1fzJPyjABbgK9rmnBwCgAzxIW8k4B3xT81vB8cDwK3A9/SAuI0BQDAzI4E3gOciafSyuCaAO4AvhZC2Jm6Makt2gAQP+034R1/Y+LmSBo7gZuAby7WUcGiCwBxbv9u4CLKya2X3toPbAa+FEIYS9yWvlo0ASBu330IOAtl5MnBtYB7gM+FEB5L3Zh+GPgAYGZrgI/hw32RTg0DXwgh3JO6Ib00sAHAzNYDV+J5+CILNQL8NbA1hNBK3ZimDVwAUMeXHhkFPgXcMUiBYGACgDq+9MkocFkIYWvqhjSh+ABgZquBa9BWnvTXCB4IHkjdkG4UGwBifv7VePKOSCrDwCWlJhUVFwDM7FDgI8AH0Xae5OMOfERQ1JmD56RuwHyY2TnA3fhwX3n6kpM/Ad5XVdVzqqr617qui1goLGIEYGbHADfgdfREcjcGXFxCDkHWASAO968FzkndlkLsw9Na9zJdv38Cr90P05d9tDPzQpEX4lOtmfcOLEcjsE48AFwUQhhN3ZDZZBsAzOxM4Dqm34ji5bTH8K2oJ5m+kGO83zns8UzFYUxfUnJE/PvUnQZan3GT+GL1Z3LMH8guAMTV/ZuB4xI3JaVRvH7+rvjnT/FLNbJ7A80mvo6r8MtN1sa/r0rZpsR2A+fmdsYgqwBgZu/H9/Tnc4dd6fbh5a8fBf4dr4k/kCWwY6n01cArgWPxmoqL6URmC7geuCKX48dZBID4aXELiyOLbxyfGz4M/EsIYU/i9iQVX/vX4AFhI4vjspQ9wNk5jAaSBwAzOx9f6BvUT/1JPFnkXuCfFnuHbycGhNcyXWp9UN8XU6OBy1JO7ZIFgLiIdAtee2/Q7MU/5e/Gb7XJYrhXmli1aR3wZvx9sjJti3piBHhnqnLmSQKAmW3EO/8g1d/bC2zFy1HvSN2YQRTPfbwVOI3BCgaTeN7Al/v9xH0NADGiX4un8Q6CfXin/4Y6fX/FYPB2/CzIoCwk3oOvDfRtEbhvASDO7bZQfjZfC7gPuA24r6StuUFlZscB78BHBqXnH4wBp/brcFFfAkAc8t9J2XfnjeEVZL+u++zzFLcZzwDOpewPmhY+Jbix10/U0wAQh/yXA1f18nl67D7gKyGE+1I3RDoXz49cCJxCuaOCO4ALQggTvXqCngWAmMd/J2UW6phgukx0tnnc0p6ZHQa8F7iAMhedR4CTe5Xq3ZMAEG/a2YbnhJdkHD9/8NVBzcZbrMxsKT49uIzydhD24esCw00/cOMBIM73t1BWAscY0x1fe/YDzsw24fUjS7rpuYVPBzY3+aCNFgSJufy3Uc6caxS/LOTcEMKjpRRxkO7Udb2nruuvVFX1H/gotYSpgQFvqqrqkKqqhuq6Dk08aCMjgLjYdx3w/iYerw/G8YXJzdrGkwJHBPfg2YNdLw52HQDi1sst+Gpr7vbjpw2/qKG+PJuZnYXfIlXCGsEOfF2gqy3prgJAzOffhudr56wF3AhcpcU9mUtcLHwvPkLMPW9lD/DGbnaqFhwA4vbKEPmv9N+HJ1VoO086FrexrwbOJ+/yZ+PAhoWeMl1QAIjbfN8j7xzsUbweW9EXN0haZrYKX9/KuULVBHDCQs6jzDsAxM4/RL4rp1M12D6/GOf5cUF2Of76HILX64PfL7QxVejz2Z6c8fdx/Hf5a/wNNgbs62VWWs7M7DQ8EOT6vl9QEJhXADCzdcB28t3jfxDfKx3o4X4MwiuBlzJdjHN5/Op1EdUJ/OjzXqaLk47idQtHBznozpgW5LrbNYHvDnRcjrzjABDfdI+S58LIfnyef2vqhjQpvuHW4JdOrMXXW3KvuLuH6YKmPwIeCyHsS9ukZsVzBreQ5/pXC18Y7Gjq21EAiFt9PyTPH/g+/FO/qCuZDiYG2T8FXo0XzMzx970Qe4HH8DqI/xxCGEncnq7F3YKr8doWuS0S7geO7uT8QKcB4Frgw102qmnFf+rHGgmvBzbgBVFznV82bT9eJ3EI+G7JdRIzHg1sDSGc2u6b2gaAuN33JHkNO4fxuU5Rn/ozatz9OV7jLrc3TSpjeA3Ff6DAGopxhHwN+a0NHNWu1mAnAeBy4FONNak7LTxT6/OlpPDGTr8eL1+1Cd101M4Enup6L/DtkoKBmZ2EjwZyeY0/GUK4Yq5v6CQADJFHvf4x+lgqqVtxx+RdqNN3YyoY/B3wQAlB38yW40Egh7yBnSGEtXN9QycB4DekX/nve7HEhYgv/ruBs1kcF1z00z7gVuC2VCW0OzWjEtYVpF0gnAwh/OFc39BJAKiba8+8tfCLEz6bsA1zii/2RuC8+GduK8KD6DG8PuO3cp4ixNoYt5NwBBhCmLOPz/kf45v76UZb1Llx4PReVEFpQtyjfzdwEfq0T2Uf06XbslwQjjs920h01LirAABgZk/T/0+1ETyZIbsXNb6gHwDOId+MyMWmBdwFfC7HHIO4S3ATfodBP7VCCM+d6xusgwfp9x7tXcCxuXV+MzvSzG4BfoYnf6jz52MJ3rl2mdl2M1uftjm/L4QwEUJ4J76D1U9t+24nAWC4+3Z07JMhhNNzOnBiZqvMbBvwOHAWmuPnbiMwZGZDGQaCTwMn47sb/dD2YFAnAeAbDTSknRae2DPnnmU/mdnK+Im/C9/Kk7KsZzoQZHNJSDyoczy+xtVrd7f7hk5TgXfRu0WMCXy+P9yjx5+XWOXoY3hWlz7tB8dWfEcpi5OiZrYST3bqVTbonhDCy9u2o8MHu6jLxsxmHJ/vD/fo8TtmZkvN7FKm5/jq/IPlFOBxM7su7uAkFQPRBjoYpi/QxZ18U0dlweu6/nlVVcuAV3XVpN+3By9gkDypI+7X3oun6+Z05kGaZfgpy3OqqvptVVUjTZXXXoi6rieqqtoCvIZmt5I3hxCu6+Qb51MPYAl+equJAqB78DpmSS/ZjFt616E5/mK1Ez9KnjS9PPatO2mmsvZWPH+mo7TpTqcAxAc8ge6HLDtJ3PnNbImZ/SXwY9T5F7M1wKNxWpBsWzf2rdPxztuNHfhiesdnJuZ1M1Bd17+rqupOPLVxISurd+AHen69gP+3EWa2Gl8dfQ/wB6naIdmYmhacUVXVf9Z1/dMUjajrOlRVtQ1/Ty5klP1l4O0hhN/N53+a99VgdV236rq+v6qqR/BSVZ0UsRgF3hNCuKau63k1sClmtqSqqo8C3wQOT9EGydqheBBYUVXVQynep3Vdh7quH6qq6jt4fcdOLigZxg/KfWkh6xlN3Ax0DPBWPIrOLBO+Dx/u3x1CeLDb5+lG3HK5HW+jSDtjeKcaTtmIeLr0RLwe5MxgMIbnp/xjt9uaPbkePCdmdg6+0KfUXZmPFvBZ4IoS6hAs1MAGgLioczNwWuq2SNGmFtbGUjekFwYyAMSFvi2Uccljk0bx4eFevI7jOF6A87/in1MFVQ644CMmx0wlyCxj+lKRQ+M/v4TpuwdWsrgSpfbhQWDgbpkauAAQb3i9gcEe8o/iR6Z3AT/B8ypG+zlUjesqRwIvA44GVsWvQQ4MVwKfHqQpwcAEgJhMcR35VWbt1iReAWcI+AF+0UaWpdFirfw1eMbosfiBnORptw17AN/KzubEajcGIgDE4esW8ijE2ISd+BvtIbzDZ1v2qp04HXs9nkS2jsEYIewBTi75PoMpxQeAeJvONsqusd/C93PvxLd2kqZI90pcmD0ReCOegVnyNG0fHgR6dZinL4oOALH09jbKLLs9s9N/e9Duz2snThc2Au/AL0kp8RDWVB2Lu1I3ZKGKDQBmdgqe3FPaG2cMrw/3zdzKnqUSp3BvA85lYSnmqV2Sc+XquRQZAMzsfHylv5T5ZAu/2+Brg7iV1KRYvec8vMZfScH9+hBCR2fwc1JcADCzD+Kr/SXYz3TZ6rHEbSlKrMz0XrwYTSmXpm7GjxcXs01YVADI9JbigxkHrgX+Ntctu1LEtYIzgMsoI7FrXufxUysmAJjZdXiprpyN47fEfrXkrbscxTyPM/F6jbkHgmKCwLyPA6dgZh8GPp66HXPYD1wNnBZCeKSu6+xf+NLEo7IjVVXdBPwCTzbKdRvxFcAL6rq+P3VD2sl+BBAXhR4lzwW/FnAjcJWG+v0VpwaXApeQbyA4IfdF3xICQC7Xkz/bA8BFuZSZXqzM7DB8vaXf1251YiSEcHTqRswl6wBgZqvwun05GQMujhc8SCZiUtjN5JcRuiF1YZG5dFwUNJG3pG7ADC3geuAodf78xJTco/BFwpwWYN+cugFzyT0ArE3dgGgPfoHJxYNyCmwQhRBa8f69o/ETlDnIugxd7gEgh+Hc9cDRIYRc3lDSRjyldyzwEXzkllLWSUy5rwE8SbM3pszHOH7QI2lBU+lOBtWhWiGE5yZ67rZyHwGk8gA+11fnL1wIYQSfEtyaqAlZH/jKPQD0+1x8C7gyhHDCYjueO8hCCBMhhLPx04b9XiDM+n2UY3LNTDvp3yLKfjx9M+vEjXZigszK+HU48GK8XsIK/PVePuv/7MbxTjKGv3l/Ff/+BF53sNhF0BDCZjMbwWtItPs9NCXpvYPt5L4GsAl/sXqtyBJP8Rz9OvyGprX4ommvF07HgN14UdJ/w0uWFVXBKCYPbaGZi27bOTnnbePcA8BSvLx1L1dSh/EXKftU3tjhjwNeh795V6Vt0TPG8N/jEPDdEgJCPFx0C73NIBwHXpzzoaCsAwCAmf0F8IUePfwd+BVQ2b5Asfz2W/A6eseQ/7QNfNh7L17qbCR1Y+ZiZh8HrurRw18YQvibHj12I0oIAEuAHwKrG37obCu4xDvhzsCvjG765+63UeAu4LZcz030qMLUY3jyWLYfLlBAAIBnPgUfprmpwMUhhOsbeqxGxEC3Cb+2/DjK+KSfrx14vv63cquXEGtM3kkzv/dxYG0JNR+LCADwTELHw3R/9DOrzl9o6atuTZVK+0JOncTMTsKDQDfvsXH8AFARC8rFBAB45sTXFhbWUVp457+x2VYtTBzVXAicT1nFL5vUwtdhPhdC2J26MfDMe2w7CwsCY3gNgCI6PxQWAOCZ+fEN+HC5U2NkcN87PNPxP4avPg/iMH+h7gEuy6HzxNfoZjqvQ9HCMw0vKWE3aabiAsCUGKnPY+4bZnbgdwd8PfWcM27hXcni/sRvZ2pEcFkOW4lmth5fkzmJg99xOIYHri/lusDZTrEBYEpcPFuFZ7o9P/7rJ4DdOUTj2L734VtNg3ZRZq9M4sVVP5M6cE+Jo4Kp7MFJPCsy6zTfThQfAHIWRyk3kU/CTmnG8LJr96VuyKBSAOiBONy/Bh/uS/e24hduFP+JmxsFgIbFeePt9O+wyWKxDw8CW1M3ZJDkfhy4GGa2JN5cNIQ6fy8sA7aY2e3xmnFpgEYADTCzFXh+Qok325ZoFDg193MGJdAIoEtmthHYhTp/P60EHjWzs1I3pHRFXA2WKzP7KJ4w8rzUbVmElgCbqqpaVlXV9+q6DqkbVCJNARYg7u3fDJyVuCniHsCnBMVWK0pFAWCe4gLUNvzEnuRjN3B8DhmEJdEawDzEk3vbUefP0SrgYTPL4S6JYmgE0KFYR26IPC4rkdkVdRw3NQWADqjzF0dBoEMKAG3EOf8Q2uYrzTjw6hDCWOqG5EwBoA0z2w5sTN2Ohozj1XgOtlA2dWfAIXjW3SAYwUtzZV2XLyUFgDnEYpE3pW7HAuzGi1L+GPgpfnS14/PqcZtzBZ5w81L8aq01+EJbaUVMPhBC+GLqRuRKAWAWsRP8gjLq9I3ie+EPAcO9qoMQp0NrgDfgo6ISKhZnX5s/JQWAWcQCkfembsccpspt350qJz6WZ3sL8E7yXiM5Xhe9HpzyAGb3utQNOIgW3uk3hBCOCCFckfJATAhhbwjhiyGEtcBRwI34GkNucnwts6AAMLucqvjsB/4KH8qenkNx02cLIewOIVwEvAT4AP2/2Xku2r6dhQLA7HJY7JrAC4m+JISQRaHMdkII++OiW06BQLUYZ6EAkKcWfnHGESGET+RQ3HS+QgiTMwLBlXghTcmMAsDsUnW6nXgCy7klfOK3EwPBJ4CXA6mKe+qU4CwUAGbX75tqJoEP4Z1/Z5+fu+dCCGMhhDcCp+L1/fpJKcGzUACY3UN9fK7deMf//KDvV8einkfheQv98v0+PldRlAcwi5gI9CS9L/B5K177ftENU83scvzClF4uuO7Dd0+0BnEQGgHMIn4SX9vDp2jhHf/sxdj5AUIInwbeSG/XW25Q55+dRgBzMLOlwON4XnyTJoCTlZ3mYhGPe/GzB03aCxxV4i5Kv2gEMIf4yXFBww87Dhyrzj8tnts/lmYX61r4jdDq/NIdM7vczOoGvn6lklWzM7NDzOzhBn7PT5vZKal/HhkgZnatOn/vNRAEnjazD6b+OWQAmdk5ZvbbBbwpH45lxaQDMQjcuYDf81PxFKd0SIuA82R+Ddg1wCm0374aBT4VQri1x83qSGz7kcCLOHB7cwK/jvsJYHcO+Qjmty5dCRzT5lv349upV2nOPz8KAAsUz8K/CdiA7xJMldHai6fz3o8X50jWkcxsJX5efwOwDi/31YlJvKLQvcDfp66rF3+OE/F04hXAUvz3PAY8gv+etdUnYmZLzewsM/thQwuXtZkNmdkm8+QoEcmN+fXkZ8XFxqY6/rO/fqbVdZHMmNnqhj/xO1nU1I7GANDtwIUzs0vxMmG9PrMw0+HAOVVV/Xdd1z/o4/NKw7QIWCjzCr234LsRKd0BXLBYzzOUTgGgQLHzb8dX9nOwAz/b0O9z/tIlBYDCZNj5p+zBqxUXX8VoMVEAKEjchhsiv84/5TG8Br+mA4XQacCy3Ey+nR88Y+/21I2QzmkXoBBmdibwidTt6MCRVVX9b13Xj6RuiLSnKUABYtrx43SeyptaC7+VN9mtRdIZTQHKcAPldH7wQ1I3K3U4fwoAmTOz9cCmxM1YiDXAmakbIXPTFCBzZjYErE/djgUaBV6ew9FiOTiNADJmZusot/ODF/k8LXUjZHYKAHm7MHUDGnBe6gbI7DQFyFTM+HsKL35RuiNCCKOpGyEH0gggX29iMDo/+M8iGVIAyNfxqRvQoA2pGyAHpylApszsZzR/U04q+0MIf5S6EXIgBYAMmdmhwG9St6NhL9RJwfxoCpCnQfnkn2kQf6biKQDk6fDUDeiBZe2/RfpNASBPJeX9d+r5qRsgB1IAEFnEFACkXzQFyJACQJ4G8fCMCoZmSAEgT79M3YAeGMSgVjwFgDyNpW5AD/w8dQPkQEoEypSZPU3768dL8se6NyA/GgHka3fqBjRoTJ0/TwoA+dqRugENGqSfZaAoAOTrO6kb0KDtqRsgB6c1gEyZ2VK8IEjpWYGT+PxftwVlSCOATIUQJvGbd0u3VZ0/XxoBZMzMVgO7UrejS2tDCDtTN0IOTiOAjMWbdR5M3Y4uDKvz500jgMwVPgrQp3/mNALIXBwFbE7djgXYrM6fP40AChBLhP0YWJ66LR3aCxwVQtifuiEyN40AChA70tmUcaCmBZytzl+G56RugHSmrusnqqr6P+B1qdvSxhUhhNtSN0I6owBQkLquH66qajnwytRtmcXmEMKlqRshnVMAKExVVduBV8SvnGwFzq7rOqRuiHROAaAwdV2Hqqq2AS8A1qRuT7QZn/eXsEYhMygAFKiu61DX9f1VVf0P8FrSLea28Dn/pfrkL5O2AQtnZuuA24EVfX7qvfinfsmZioueRgCFq+v651VVfQ14Hj4l6PVooAV8FXhrCOEnPX4uEemUmR1pZtvMrO7R17aYmiwiuTKzlWZ2rZk91UCn/42Z3aSOP5i0BjDAzGwJsA54Q/xzNe0LjEzi9Qh34FWJhmNtAhlACgCLjJktx88ULH3Wf2oBe0MIY31vlIiIiIiIiIiIiIiIiIiIiIiIiIiIiIiIiIiIiIiIiIiIiIiIiIiIiIiIiIiIiIiIiIiIiIiIiIiIiIiIiIiIiIiIiIhIVv4faR3v9bcQZokAAAAASUVORK5CYII=', 25, 'maria25', 'Developer', 'maria@maria.com', '100000000', '2017-03-09', 0, 47, 0, ''),
(4, 'fb131bc57a477c8c9d068f1ee5622ac304195a77164ccc2d75d82dfe1a727ba8d674ed87f96143b2b416aacefb555e3045c356faa23e6d21de72b85822e39fdd', 1, 'iVBORw0KGgoAAAANSUhEUgAAAIAAAACACAYAAADDPmHLAAAAAXNSR0IArs4c6QAAAARnQU1BAACxjwv8YQUAAAAJcEhZcwAACxIAAAsSAdLdfvwAAAAZdEVYdFNvZnR3YXJlAHBhaW50Lm5ldCA0LjAuMTCtCgrAAAANCElEQVR4Xu2dCZAcVRnHMR54Id4ioG7wqJQSEUIojLFYKDSAYiImCIICWgielAcVYsoDiiQcAgEVolUqeERFqUAV0S02O9PfzGxCLEFBrEQMLCQiHgkCRoKJRP9fZzq2nf8c3dOv3+uZl6pfze4/O+997/ve2f369V5DQ0OeAYaKnsGBip7BgYqewYGKnsGBip7BgYqewYGK/cTExMTTK5XKfkEQHFytV48K6sGJ4H3gVPABEZmrGj6HwVT83Sv1OyytfoSKZWRkZOSZCOA08GGpyVJ8jgYSbMDP28F/UrID370PFWMM6XytVqudDY5ARXoWy7vMULEMaCutNqpvDWrBhQhYFYH6ZyKIuYNKsQ351MDFYOaKFSuewWwrE1R0FW2BaInvgvNvQBgeiQfHBqgQj8KW5WD2mjVrns1sdh0quoaO33Dy1XC69aC3ApXhMdh4HXqlw1gZXIWKLqBdPBw6B9SSznYdVIa1sPv9ZRgiqGgTDTy6+Q/BkfcmHVtCJnQCqRNUVlYXoKINEPinodXMhdPWJ5xYenRFgbKdjjJOYmW3CRWLpl6vHwoHaWdPHdg3iNxerVePZD6wBRWLYnR09HlYxl2JFvIUdVifEtSDa1HpX8B8UjRULILmVbn7mYMGAVT6P6JHmMV8UyRUNImu5VHwxXDATuaYAWSpzWsIVDQFZsQHIPiriRMGG5E7wWTmM9NQ0QQo4EzwZ+oAj7IFw+I7me9MQsW8QeBPQwH/lSiwJwGGxX9jUnwO86EpqJgXurbHRG8BK6ynNagES9R3zKd5Q8U8CIOPgrACejoD332jiAtHVOyVZvCvYgXzpEDkO6YrARV7wbf8fGn2BMaGAyr2AmrtBawgnh4QWcR8nQdUzAomfKfSAnh6Ru8qMp/3ChWzgFo6A4b6pZ4hdIlYrVffwXzfC1RMi+6khZEPJ4325M7marX6GhaDrFAxDbrrBV1/nRjrMYHIHfV6fW8WiyxQMQ2YpequXG6sxwjw+RUsFlmgYrfouD9o9/JdIa/7BlTshrVr1z4HhvTDvr1Sgoa3CQ1wHxabNFCxG/zFHgcQuYbFJg1U7ESlUXmTLkuoUZ7CQAx2ohIczmLULVRsh16WRKa3MYM8Vhjv5VIxFduByce7iREei9RqtVNYrLqBiq3QO1NY89/FjPBY5d6sTyFRsRXo+ueRzD0OgIZ5FotZJ6jICG/z+tbvLJgQbkCMUh9sQUWG3ohgGXvcAQ30JBa7dlCRgQxGkhn2M3BmA0Pex4GeOvJSvf6+8s6Vz9WbMfj9eLAMrW4b+65Fxlns2kHFJJhlHkQy61d+heDOZH5I0rwL+u3E95OMwH9vL2z4FJnKbG0FFZMg0UU0M9Po7qICHyQJasGlWWbTsPEYfP+B3enUg3VI6yL0Fq9v/v97ov8zjsjVSfvaQcU4uvRDwg/tkZFh9Epjo9F4uT5Eid/Hk/+fOyLnsfJ3i9qJwJ+LdKbE9fHx8X2hPUjzNMOWNOcRUDGOdl8kE/PgX2QDftwHzjW552BpvMx5ETYekZ+R/MyCOQqzh0HFOOjKvk4zMY3IxXE7wkfJ68Ev6N/2gHbXeW6wiAPfXRLL6wHk1Yj9bg6R65k9DCpG6NofiW2kmZhG5PSkPc2zAL9J/z4rGJ+T+eQBes5DMIz9Bul/FUvoI8OdU7VgFbUhfzZ3e02AihFoGW8kiRdDm24MjvwonPsk/V464CfzT980G9J1JH9joAIewWxJQsUIGP1ZlngRoAAnMJsiYNvUsIWR73YLKtJVLO08aQa/+FWUyJeYPUmoGIEx62aaeAEgOGcym+LokAAbF6Cw2U4JFZnH0s0LDT7KcRHN2zA63DCbklBRCY2X4K8s8SJAAbre+IjeQg+e+JYuHVlaLelxM0UnUIaFNN9i2NrNNQ0qKhj/X0sSLQy07LuYXe3Qy7Rw+pUI7N9Zmkl0ZxNLJw9gg14covkWBWJ4KLMtDhUVBOAklmiRoGW/hdnWiXDDqsjJQNfgW5Pp7kZkOvt+HiD9TpeIjYMYnsFsi0NFBS3pKyzRQhG5idmWhuahVHo8zXykeSM+f4fP8BE2VLBj2XfyQG3fXQ5LdDOMUlFBAjcmE7SCgXW6Lv2Q7v56mZb9fx6g9eV+0SotagOzLQ4VFXz5lyzRwsF4bnKsNkWvS9Q8QAzXMdviUFHBl//GEi2CcDa/680fP8XPT4BNmNC8jNnpIuHavyaPx8tkA/htm9rCbIygYjhukgSLRO8ENm15PsZqfUkEft3TVhcZWz32alYmGwRB8BJmYwQVmxsdaIJFgaC/l9lWBlBZZ7My2QCxfAOzMYKKKMBUllihiCxjtpUB2G5nAw1DZAazMYKK+iWaWIFg/PpL1r3utoH/3Dn6vsOB1FTEl4ZpYkVj+Fq9CXTjKGx356icDstoKuqz5zSxohH5gzqU2egqsPk4WhZbdGhEVHTqGQCR73ZayrgEls/X0nLYQmQuszOCiqgAR9HEbCFyWRkqgc5ZYKtTJ6KjQp7IbI2gor6RkyVmmR/ovkBmrysg+McTu+2SZRKol15pYrbBnKBWq53gam+A1mb9+n8S3Y/IbI2g4ujq0VewxKyz6z7/Zjj6ZvxsdDNHWvTe+x72OsBYY+x1zN4IKoa7b0liNkHQFzBbXQEV8lZmt23GxsZexOyNoKKCL7t18qfIale7fqdWTf/P1kw3gxQ4fA1J0C4dljQ20Dd+wbbf72GrC4jcw2yOQ0UFX15OE7WJzgESz97ZJqgFl1JbXQDDErM5DhUVyzta2/GQPrDCbC4aOHg4cPj9h4jhJczuOFRUULjiHmlOz+NYDp5ic05QqVT2gx1un5AuchqzPQ4VFZc2NbREZCVIdSBCHqAH2hurkmIe9OyBIAgOZvbHoaKirQuJFH4uQBbQ1a0CZ2JC9kJWljyBXyYhrx8zO1wCQ9OjaisrQxwqRiAhN3YGd89vMTQcwMqSB2GjKPghz6ygh/o5K0MSKkagsJ9giTvIP/RCkXbNrBx5oK2pLMEPEZnPypGEihFwqNXHw7rgERR0Mew0umNY1/pl6PbjoCc8hJUlCRXjIDHX3gmwBa39Jwj8yUW8dh2V60Dk5d5Fsfb8SYcrVp4kVIyDwl9OMjAGgns/8rwV3ACWoeVdgc/5YB6Y0s3EJi+Q32zYY+35iMxgqGLlYVAxDhI7nGZiCDh8HfKc1W0NNkH4lLH2MsS+UiAyzMrFoGIcDQSWFPfRjEyi5wOKzEH+qc+/zUqj0XgV8rwG+Zf5/YcPp/EZFZOgG7Z2WVgrH/L/fPSkUN6oszBhOrbZ4nck8y8b8NUSVs5WUDEJWsX+CITtV8TsgB0rUcBz8Dm5lyGiUqm8WHsXoCeO9dULLzttAElCRQacZf159wR6lfIW2LUYfATMAtPBFD2iNfxsVA8L79WLfBB8GfwI31kfS6O/ELmNxa4dVGQgcetPC3nag8qe+l2CVGwFKkFhBzd7UnN3lmGRiq1ABXDrqRfP/8i4W4qKrdAahtmy87dBBw6RXyM2mS6QUbEdWDLZOT3c05oUp4MnoWInkGnZbhP3LeiRu7rt2woqdgI1bihw7305g8h2xKKnTbJU7IagFpxPDPIUCGJwIYtNGqjYDc0nYe9ghnnMozfN8tgAQ8Vu0U2HGAryOLffkw69LJ7LMbdUTAO6oU8RAz0Ggc+/wGKRBSqmQa8NwKhbkkZ6zIDgr4LPc7tFTsW0hK9Gc2/rWP8hsjHv/Y9UzELzUAnrx6P2K5hrPYEKkPuZCFTMit6NcmDfQN8Bn+5E8Ocwn/cKFXsBy5OzWCE82cG4/2nm6zygYq+gtp7HCuLJgMgXmY/zgop5AMP1DR28UJ6uQMtfkuUefxqomBfadbGCeToD3y00HXyFinmCOcEZKFDpd9sWBSZ8T8Fnn2S+NAEV8ybcdi3BY6zAnhj6AkxD7zJuBRVNUN/1HmI3D1Nygwndxcx8ZxIqmkKvGGJsW0EKP+iMdHq1iymoaJLw3oHIxzAk+A0lNdmOBvE5+KSwB16TULEIdEjAZMeNV9PZ4W74oOOrXU1DxaLQu1roDT4TTn64k/oO9HxPouIv0ON4mU+KhopF03wq94fMYX2FyE1YER3EfGALKtoifE+BSECdV2b0hBGRo1mZbUNFmzQniccAd968lRWR29HinX2/gUJFV4ADp2OWrIczleZKYnglT5e6Im9zOfARVHQNPRwCTj0fk6d1zOkugMBvgI0L0eKNnVNoAiq6SnN4eDNYBO5hgSiY9bDjMjCtDK2dQcWyoOcZo8WdjZ7h+wjGRCI4+SOyESxHfuficzKzqWxQsayEL70WmaXDBT6vB/rvQXTPXW9TC8dwCTbhezWk8z18XqATuXq9fiDLs+xQsd9A9zxJ352j5+cgoNPADDAMjm7+PE2PldGzg/RvWRr9ChU9gwMVPYMDFT2DAxU9gwMVPYPC0F7/Bclh2wl8Hk8WAAAAAElFTkSuQmCC', 29, 'alexalex', 'Manager', 'alex@alex.com', '333', '2017-02-09', 1, 44, 0, '0220e9bc5754ab68223bb034cfa23331cda0df743e0a026b76023b30475fac11'),
(7, 'dce4f6e4ef2f02e31c570fb38d19a17318ed79bcf7c3a006c25583c4333c9697c1ed76d51fbbe146497795fac86a9b6af3fadfc0adcd8e3a9407e4d6509f69cd', 1, 'https://avangarde-software.com/wp-content/uploads/2016/11/logo-1.svg', 30, 'andrei', 'Developer', 'andrei@andrei.com', '10101010101', '2017-03-09', 0, 42, 0, ''),
(10, 'fb131bc57a477c8c9d068f1ee5622ac304195a77164ccc2d75d82dfe1a727ba8d674ed87f96143b2b416aacefb555e3045c356faa23e6d21de72b85822e39fdd', 1, 'iVBORw0KGgoAAAANSUhEUgAAAIAAAACACAYAAADDPmHLAAAAAXNSR0IArs4c6QAAAARnQU1BAACxjwv8YQUAAAAJcEhZcwAACxIAAAsSAdLdfvwAAAAZdEVYdFNvZnR3YXJlAHBhaW50Lm5ldCA0LjAuMTCtCgrAAAANCElEQVR4Xu2dCZAcVRnHMR54Id4ioG7wqJQSEUIojLFYKDSAYiImCIICWgielAcVYsoDiiQcAgEVolUqeERFqUAV0S02O9PfzGxCLEFBrEQMLCQiHgkCRoKJRP9fZzq2nf8c3dOv3+uZl6pfze4/O+997/ve2f369V5DQ0OeAYaKnsGBip7BgYqewYGKnsGBip7BgYqewYGK/cTExMTTK5XKfkEQHFytV48K6sGJ4H3gVPABEZmrGj6HwVT83Sv1OyytfoSKZWRkZOSZCOA08GGpyVJ8jgYSbMDP28F/UrID370PFWMM6XytVqudDY5ARXoWy7vMULEMaCutNqpvDWrBhQhYFYH6ZyKIuYNKsQ351MDFYOaKFSuewWwrE1R0FW2BaInvgvNvQBgeiQfHBqgQj8KW5WD2mjVrns1sdh0quoaO33Dy1XC69aC3ApXhMdh4HXqlw1gZXIWKLqBdPBw6B9SSznYdVIa1sPv9ZRgiqGgTDTy6+Q/BkfcmHVtCJnQCqRNUVlYXoKINEPinodXMhdPWJ5xYenRFgbKdjjJOYmW3CRWLpl6vHwoHaWdPHdg3iNxerVePZD6wBRWLYnR09HlYxl2JFvIUdVifEtSDa1HpX8B8UjRULILmVbn7mYMGAVT6P6JHmMV8UyRUNImu5VHwxXDATuaYAWSpzWsIVDQFZsQHIPiriRMGG5E7wWTmM9NQ0QQo4EzwZ+oAj7IFw+I7me9MQsW8QeBPQwH/lSiwJwGGxX9jUnwO86EpqJgXurbHRG8BK6ynNagES9R3zKd5Q8U8CIOPgrACejoD332jiAtHVOyVZvCvYgXzpEDkO6YrARV7wbf8fGn2BMaGAyr2AmrtBawgnh4QWcR8nQdUzAomfKfSAnh6Ru8qMp/3ChWzgFo6A4b6pZ4hdIlYrVffwXzfC1RMi+6khZEPJ4325M7marX6GhaDrFAxDbrrBV1/nRjrMYHIHfV6fW8WiyxQMQ2YpequXG6sxwjw+RUsFlmgYrfouD9o9/JdIa/7BlTshrVr1z4HhvTDvr1Sgoa3CQ1wHxabNFCxG/zFHgcQuYbFJg1U7ESlUXmTLkuoUZ7CQAx2ohIczmLULVRsh16WRKa3MYM8Vhjv5VIxFduByce7iREei9RqtVNYrLqBiq3QO1NY89/FjPBY5d6sTyFRsRXo+ueRzD0OgIZ5FotZJ6jICG/z+tbvLJgQbkCMUh9sQUWG3ohgGXvcAQ30JBa7dlCRgQxGkhn2M3BmA0Pex4GeOvJSvf6+8s6Vz9WbMfj9eLAMrW4b+65Fxlns2kHFJJhlHkQy61d+heDOZH5I0rwL+u3E95OMwH9vL2z4FJnKbG0FFZMg0UU0M9Po7qICHyQJasGlWWbTsPEYfP+B3enUg3VI6yL0Fq9v/v97ov8zjsjVSfvaQcU4uvRDwg/tkZFh9Epjo9F4uT5Eid/Hk/+fOyLnsfJ3i9qJwJ+LdKbE9fHx8X2hPUjzNMOWNOcRUDGOdl8kE/PgX2QDftwHzjW552BpvMx5ETYekZ+R/MyCOQqzh0HFOOjKvk4zMY3IxXE7wkfJ68Ev6N/2gHbXeW6wiAPfXRLL6wHk1Yj9bg6R65k9DCpG6NofiW2kmZhG5PSkPc2zAL9J/z4rGJ+T+eQBes5DMIz9Bul/FUvoI8OdU7VgFbUhfzZ3e02AihFoGW8kiRdDm24MjvwonPsk/V464CfzT980G9J1JH9joAIewWxJQsUIGP1ZlngRoAAnMJsiYNvUsIWR73YLKtJVLO08aQa/+FWUyJeYPUmoGIEx62aaeAEgOGcym+LokAAbF6Cw2U4JFZnH0s0LDT7KcRHN2zA63DCbklBRCY2X4K8s8SJAAbre+IjeQg+e+JYuHVlaLelxM0UnUIaFNN9i2NrNNQ0qKhj/X0sSLQy07LuYXe3Qy7Rw+pUI7N9Zmkl0ZxNLJw9gg14covkWBWJ4KLMtDhUVBOAklmiRoGW/hdnWiXDDqsjJQNfgW5Pp7kZkOvt+HiD9TpeIjYMYnsFsi0NFBS3pKyzRQhG5idmWhuahVHo8zXykeSM+f4fP8BE2VLBj2XfyQG3fXQ5LdDOMUlFBAjcmE7SCgXW6Lv2Q7v56mZb9fx6g9eV+0SotagOzLQ4VFXz5lyzRwsF4bnKsNkWvS9Q8QAzXMdviUFHBl//GEi2CcDa/680fP8XPT4BNmNC8jNnpIuHavyaPx8tkA/htm9rCbIygYjhukgSLRO8ENm15PsZqfUkEft3TVhcZWz32alYmGwRB8BJmYwQVmxsdaIJFgaC/l9lWBlBZZ7My2QCxfAOzMYKKKMBUllihiCxjtpUB2G5nAw1DZAazMYKK+iWaWIFg/PpL1r3utoH/3Dn6vsOB1FTEl4ZpYkVj+Fq9CXTjKGx356icDstoKuqz5zSxohH5gzqU2egqsPk4WhZbdGhEVHTqGQCR73ZayrgEls/X0nLYQmQuszOCiqgAR9HEbCFyWRkqgc5ZYKtTJ6KjQp7IbI2gor6RkyVmmR/ovkBmrysg+McTu+2SZRKol15pYrbBnKBWq53gam+A1mb9+n8S3Y/IbI2g4ujq0VewxKyz6z7/Zjj6ZvxsdDNHWvTe+x72OsBYY+x1zN4IKoa7b0liNkHQFzBbXQEV8lZmt23GxsZexOyNoKKCL7t18qfIale7fqdWTf/P1kw3gxQ4fA1J0C4dljQ20Dd+wbbf72GrC4jcw2yOQ0UFX15OE7WJzgESz97ZJqgFl1JbXQDDErM5DhUVyzta2/GQPrDCbC4aOHg4cPj9h4jhJczuOFRUULjiHmlOz+NYDp5ic05QqVT2gx1un5AuchqzPQ4VFZc2NbREZCVIdSBCHqAH2hurkmIe9OyBIAgOZvbHoaKirQuJFH4uQBbQ1a0CZ2JC9kJWljyBXyYhrx8zO1wCQ9OjaisrQxwqRiAhN3YGd89vMTQcwMqSB2GjKPghz6ygh/o5K0MSKkagsJ9giTvIP/RCkXbNrBx5oK2pLMEPEZnPypGEihFwqNXHw7rgERR0Mew0umNY1/pl6PbjoCc8hJUlCRXjIDHX3gmwBa39Jwj8yUW8dh2V60Dk5d5Fsfb8SYcrVp4kVIyDwl9OMjAGgns/8rwV3ACWoeVdgc/5YB6Y0s3EJi+Q32zYY+35iMxgqGLlYVAxDhI7nGZiCDh8HfKc1W0NNkH4lLH2MsS+UiAyzMrFoGIcDQSWFPfRjEyi5wOKzEH+qc+/zUqj0XgV8rwG+Zf5/YcPp/EZFZOgG7Z2WVgrH/L/fPSkUN6oszBhOrbZ4nck8y8b8NUSVs5WUDEJWsX+CITtV8TsgB0rUcBz8Dm5lyGiUqm8WHsXoCeO9dULLzttAElCRQacZf159wR6lfIW2LUYfATMAtPBFD2iNfxsVA8L79WLfBB8GfwI31kfS6O/ELmNxa4dVGQgcetPC3nag8qe+l2CVGwFKkFhBzd7UnN3lmGRiq1ABXDrqRfP/8i4W4qKrdAahtmy87dBBw6RXyM2mS6QUbEdWDLZOT3c05oUp4MnoWInkGnZbhP3LeiRu7rt2woqdgI1bihw7305g8h2xKKnTbJU7IagFpxPDPIUCGJwIYtNGqjYDc0nYe9ghnnMozfN8tgAQ8Vu0U2HGAryOLffkw69LJ7LMbdUTAO6oU8RAz0Ggc+/wGKRBSqmQa8NwKhbkkZ6zIDgr4LPc7tFTsW0hK9Gc2/rWP8hsjHv/Y9UzELzUAnrx6P2K5hrPYEKkPuZCFTMit6NcmDfQN8Bn+5E8Ocwn/cKFXsBy5OzWCE82cG4/2nm6zygYq+gtp7HCuLJgMgXmY/zgop5AMP1DR28UJ6uQMtfkuUefxqomBfadbGCeToD3y00HXyFinmCOcEZKFDpd9sWBSZ8T8Fnn2S+NAEV8ybcdi3BY6zAnhj6AkxD7zJuBRVNUN/1HmI3D1Nygwndxcx8ZxIqmkKvGGJsW0EKP+iMdHq1iymoaJLw3oHIxzAk+A0lNdmOBvE5+KSwB16TULEIdEjAZMeNV9PZ4W74oOOrXU1DxaLQu1roDT4TTn64k/oO9HxPouIv0ON4mU+KhopF03wq94fMYX2FyE1YER3EfGALKtoifE+BSECdV2b0hBGRo1mZbUNFmzQniccAd968lRWR29HinX2/gUJFV4ADp2OWrIczleZKYnglT5e6Im9zOfARVHQNPRwCTj0fk6d1zOkugMBvgI0L0eKNnVNoAiq6SnN4eDNYBO5hgSiY9bDjMjCtDK2dQcWyoOcZo8WdjZ7h+wjGRCI4+SOyESxHfuficzKzqWxQsayEL70WmaXDBT6vB/rvQXTPXW9TC8dwCTbhezWk8z18XqATuXq9fiDLs+xQsd9A9zxJ352j5+cgoNPADDAMjm7+PE2PldGzg/RvWRr9ChU9gwMVPYMDFT2DAxU9gwMVPYPC0F7/Bclh2wl8Hk8WAAAAAElFTkSuQmCC', 2, 'Avangarde Software', 'admin', 'admin@admin.com', '1234', '2015-08-01', 2, 42, 0, '0e97ff75f6ad35dcddb95848c62e4ce703a4787acc4c3e5b88a5809a1eb93737'),
(21, 'dce4f6e4ef2f02e31c570fb38d19a17318ed79bcf7c3a006c25583c4333c9697c1ed76d51fbbe146497795fac86a9b6af3fadfc0adcd8e3a9407e4d6509f69cd', 1, 'https://avangarde-software.com/wp-content/uploads/2016/11/logo-1.svg', 27, 'Ana', 'Developer', 'ana@ana', '12111111', '2017-09-04', 0, 42, 0, ''),
(22, 'dce4f6e4ef2f02e31c570fb38d19a17318ed79bcf7c3a006c25583c4333c9697c1ed76d51fbbe146497795fac86a9b6af3fadfc0adcd8e3a9407e4d6509f69cd', 1, 'https://avangarde-software.com/wp-content/uploads/2016/11/logo-1.svg', 22, 'Ava', 'Developer', 'ava@ava', '123121312131213', '2017-09-05', 0, 42, 0, ''),
(23, 'dce4f6e4ef2f02e31c570fb38d19a17318ed79bcf7c3a006c25583c4333c9697c1ed76d51fbbe146497795fac86a9b6af3fadfc0adcd8e3a9407e4d6509f69cd', 1, 'https://avangarde-software.com/wp-content/uploads/2016/11/logo-1.svg', 28, 'Florin', 'HR', 'florin@florin', '101010101', '2017-09-01', 0, 42, 0, ''),
(24, 'dce4f6e4ef2f02e31c570fb38d19a17318ed79bcf7c3a006c25583c4333c9697c1ed76d51fbbe146497795fac86a9b6af3fadfc0adcd8e3a9407e4d6509f69cd', 1, 'https://avangarde-software.com/wp-content/uploads/2016/11/logo-1.svg', 28, 'andreea', 'Manager', 'andreea@andreea', '100100010001001', '2017-01-09', 1, 42, 0, ''),
(37, 'dce4f6e4ef2f02e31c570fb38d19a17318ed79bcf7c3a006c25583c4333c9697c1ed76d51fbbe146497795fac86a9b6af3fadfc0adcd8e3a9407e4d6509f69cd', 1, '', 22, 'Mihnea', 'Developer', 'mihnea@mihnea.com', '1010111', '2017-10-11', 0, 42, 0, ''),
(38, 'dce4f6e4ef2f02e31c570fb38d19a17318ed79bcf7c3a006c25583c4333c9697c1ed76d51fbbe146497795fac86a9b6af3fadfc0adcd8e3a9407e4d6509f69cd', 1, '', 27, 'AnaMaria', 'Manager', 'anam@anam.com', '10101', '2017-10-10', 1, 42, 0, ''),
(39, 'dce4f6e4ef2f02e31c570fb38d19a17318ed79bcf7c3a006c25583c4333c9697c1ed76d51fbbe146497795fac86a9b6af3fadfc0adcd8e3a9407e4d6509f69cd', 1, '', 24, 'catalina', 'HR', 'catalina@catalina.com', '11', '2017-10-11', 0, 42, 0, ''),
(40, 'dce4f6e4ef2f02e31c570fb38d19a17318ed79bcf7c3a006c25583c4333c9697c1ed76d51fbbe146497795fac86a9b6af3fadfc0adcd8e3a9407e4d6509f69cd', 1, '', 27, 'Mihai', 'HR', 'mihaim@mihai.com', '11', '2017-10-11', 0, 42, 0, ''),
(41, 'dce4f6e4ef2f02e31c570fb38d19a17318ed79bcf7c3a006c25583c4333c9697c1ed76d51fbbe146497795fac86a9b6af3fadfc0adcd8e3a9407e4d6509f69cd', 1, '', 22, 'mihaela', 'Developer', 'miha@mihaela.com', '11', '2017-10-11', 0, 42, 0, '');

-- --------------------------------------------------------

--
-- Table structure for table `yearset`
--

CREATE TABLE `yearset` (
  `yearid` int(11) NOT NULL,
  `year` int(11) NOT NULL
) ENGINE=InnoDB DEFAULT CHARSET=latin1;

--
-- Dumping data for table `yearset`
--

INSERT INTO `yearset` (`yearid`, `year`) VALUES
(1, 2017);

--
-- Indexes for dumped tables
--

--
-- Indexes for table `freedays`
--
ALTER TABLE `freedays`
  ADD PRIMARY KEY (`id`),
  ADD KEY `userId` (`userID`),
  ADD KEY `approverId` (`approverID`);

--
-- Indexes for table `legalholidays`
--
ALTER TABLE `legalholidays`
  ADD PRIMARY KEY (`id`);

--
-- Indexes for table `user`
--
ALTER TABLE `user`
  ADD PRIMARY KEY (`userID`),
  ADD UNIQUE KEY `email` (`email`);

--
-- Indexes for table `yearset`
--
ALTER TABLE `yearset`
  ADD PRIMARY KEY (`yearid`);

--
-- AUTO_INCREMENT for dumped tables
--

--
-- AUTO_INCREMENT for table `freedays`
--
ALTER TABLE `freedays`
  MODIFY `id` int(11) NOT NULL AUTO_INCREMENT, AUTO_INCREMENT=301;
--
-- AUTO_INCREMENT for table `legalholidays`
--
ALTER TABLE `legalholidays`
  MODIFY `id` int(11) NOT NULL AUTO_INCREMENT, AUTO_INCREMENT=13;
--
-- AUTO_INCREMENT for table `user`
--
ALTER TABLE `user`
  MODIFY `userID` int(11) NOT NULL AUTO_INCREMENT, AUTO_INCREMENT=42;
--
-- AUTO_INCREMENT for table `yearset`
--
ALTER TABLE `yearset`
  MODIFY `yearid` int(11) NOT NULL AUTO_INCREMENT, AUTO_INCREMENT=2;
--
-- Constraints for dumped tables
--

--
-- Constraints for table `freedays`
--
ALTER TABLE `freedays`
  ADD CONSTRAINT `freedays_ibfk_1` FOREIGN KEY (`approverID`) REFERENCES `user` (`userID`);
COMMIT;

/*!40101 SET CHARACTER_SET_CLIENT=@OLD_CHARACTER_SET_CLIENT */;
/*!40101 SET CHARACTER_SET_RESULTS=@OLD_CHARACTER_SET_RESULTS */;
/*!40101 SET COLLATION_CONNECTION=@OLD_COLLATION_CONNECTION */;
